path,extent_lba,size,flags,is_dir
/13TO61.COM,29,158,0x00,False
/AVIMOVIE.DAT,12006,900,0x00,False
/AVIS,22,2048,0x02,True
/AVIS/AMER.AVI,21855,1012748,0x00,False
/AVIS/ASTR.AVI,22350,1003644,0x00,False
/AVIS/BAKE.AVI,12007,1010364,0x00,False
/AVIS/BIBL.AVI,23343,878308,0x00,False
/AVIS/COOK.AVI,23772,1036444,0x00,False
/AVIS/EASY.AVI,12501,1020764,0x00,False
/AVIS/ECOQ.AVI,16110,2967404,0x00,False
/AVIS/GRAT.AVI,17559,908044,0x00,False
/AVIS/INSP.AVI,18003,1176284,0x00,False
/AVIS/KFUN.AVI,18578,858732,0x00,False
/AVIS/KING.AVI,18998,1711336,0x00,False
/AVIS/MOMS.AVI,19834,842092,0x00,False
/AVIS/MOTH.AVI,13000,1165048,0x00,False
/AVIS/OURH.AVI,24279,963148,0x00,False
/AVIS/PRES.AVI,22841,1027388,0x00,False
/AVIS/PWLA.AVI,13569,816660,0x00,False
/AVIS/RACE.AVI,20246,1193724,0x00,False
/AVIS/SPAQ.AVI,20829,2100124,0x00,False
/AVIS/SRCH.AVI,13968,1692012,0x00,False
/AVIS/STON.AVI,14795,1325692,0x00,False
/AVIS/WILD.AVI,15443,1364428,0x00,False
/AVIS/WRLD.AVI,24750,1035644,0x00,False
/BOOKS11.WAV,9151,253287,0x00,False
/CNTR.WAV,11569,408348,0x00,False
/COMM.WAV,3090,348841,0x00,False
/COMMFNL1.FUV,3261,1924822,0x00,False
/COMMFNL2.FUV,10174,1731716,0x00,False
/COMP.WAV,10011,331911,0x00,False
/CONTROL.TAT,28,501,0x00,False
/COW11.WAV,2106,324720,0x00,False
/DINOATTR.FUV,5140,1502402,0x00,False
/DINOFINL.WAV,4947,393626,0x00,False
/ESCAPE.FUV,1380,621062,0x00,False
/ESCAPE.WAV,1329,103323,0x00,False
/FLBPLAY.EXE,88,72318,0x00,False
/HANDCONT.FUV,11769,60528,0x00,False
/HOOKSDLL.DLL,11882,9717,0x00,False
/MENUEXE.COM,30,1470,0x00,False
/MTVEFF01.FUV,8200,1946693,0x00,False
/MTVFINL.WAV,8075,254469,0x00,False
/NUCOLR11.WAV,7781,170429,0x00,False
/OWL11.WAV,127,374392,0x00,False
/OWLATTR1.FUV,310,2086660,0x00,False
/OWLBOOK.FUV,9275,1506484,0x00,False
/OWLCOW.FUV,2265,1664952,0x00,False
/OWLPAI01.FUV,7535,503484,0x00,False
/OWLPERSN.FUV,5999,1388740,0x00,False
/PAINT11.WAV,7473,125501,0x00,False
/PERSON11.WAV,5874,254245,0x00,False
/PHOTOFNL.FUV,7865,428888,0x00,False
/PREVIEW.AVI,11887,243580,0x00,False
/PROFESSR.FUV,4293,1339226,0x00,False
/PROFF11.WAV,4201,187680,0x00,False
/RICKRIB,23,2048,0x02,True
/RICKRIB/DEMO,24,2048,0x02,True
/RICKRIB/DEMO/DEMO.EXE,25256,152540,0x00,False
/RICKRIB/DEMO/DEMO0.FLI,25331,263516,0x00,False
/RICKRIB/DEMO/DEMO1.FLI,25460,22880,0x00,False
/RICKRIB/DEMO/DEMO2.FLI,25472,22266,0x00,False
/RICKRIB/DEMO/DEMO3.FLI,25483,82618,0x00,False
/RICKRIB/DEMO/DEMO4.FLI,25524,68140,0x00,False
/RICKRIB/DEMO/DEMO5.FLI,25558,136586,0x00,False
/RICKRIB/DEMO/FROG.SND,25697,5462,0x00,False
/RICKRIB/DEMO/FROGS.IMG,25676,18833,0x00,False
/RICKRIB/DEMO/MOATFONT.IMG,25686,3043,0x00,False
/RICKRIB/DEMO/PRESENTS.SND,25700,31236,0x00,False
/RICKRIB/DEMO/RICKDEMO.EXE,25752,152520,0x00,False
/RICKRIB/DEMO/RICKRIB.SND,25716,36394,0x00,False
/RICKRIB/DEMO/SLURP0.SND,25734,5310,0x00,False
/RICKRIB/DEMO/SLURP1.SND,25737,4906,0x00,False
/RICKRIB/DEMO/SONG2.MID,25688,16512,0x00,False
/RICKRIB/DEMO/SWAMP.FLI,25625,17916,0x00,False
/RICKRIB/DEMO/SWOOSH0.FLI,25634,66864,0x00,False
/RICKRIB/DEMO/TADPOLE.FLI,25667,17172,0x00,False
/RICKRIB/DEMO/THRESUNS.SND,25740,15340,0x00,False
/RICKRIB/DEMO/THROUGH.SND,25748,7264,0x00,False
/RICKRIB/INTRO,25,2048,0x02,True
/RICKRIB/INTRO/SONG2.MID,25827,16512,0x00,False
/SEYMORE.FLB,125,2409,0x00,False
/SEYMORE.FLS,124,1815,0x00,False
/SPACENUT,26,4096,0x02,True
/SPACENUT/BIGBOMB.WAV,25971,32339,0x00,False
/SPACENUT/BULBURST.BMP,26371,1144,0x00,False
/SPACENUT/CREDITS.BMP,26277,64410,0x00,False
/SPACENUT/EXPLBIG1.BMP,26320,3600,0x00,False
/SPACENUT/EXPLBIG2.BMP,26337,3600,0x00,False
/SPACENUT/EXPLBIG3.BMP,26340,3600,0x00,False
/SPACENUT/EXPLBIG4.BMP,26345,3600,0x00,False
/SPACENUT/EXPLMED1.BMP,26322,2260,0x00,False
/SPACENUT/EXPLMED2.BMP,26355,2260,0x00,False
/SPACENUT/EXPLMED3.BMP,26351,2260,0x00,False
/SPACENUT/EXPLMED4.BMP,26353,2260,0x00,False
/SPACENUT/EXPLSM1.BMP,26343,1700,0x00,False
/SPACENUT/EXPLSM2.BMP,26342,1700,0x00,False
/SPACENUT/EXPLSM3.BMP,26344,1700,0x00,False
/SPACENUT/EXPLSM4.BMP,26339,1700,0x00,False
/SPACENUT/EYE1A.BMP,26357,2260,0x00,False
/SPACENUT/EYE1B.BMP,26359,2260,0x00,False
/SPACENUT/EYE1C.BMP,26361,2260,0x00,False
/SPACENUT/EYE1D.BMP,26363,2260,0x00,False
/SPACENUT/EYE1E.BMP,26365,2260,0x00,False
/SPACENUT/FIST.BMP,26325,1380,0x00,False
/SPACENUT/FLAT01.BMP,26336,1400,0x00,False
/SPACENUT/FLAT02.BMP,26330,1400,0x00,False
/SPACENUT/FLAT03.BMP,26331,1400,0x00,False
/SPACENUT/FLAT04.BMP,26332,1400,0x00,False
/SPACENUT/FLAT05.BMP,26329,1400,0x00,False
/SPACENUT/FLAT06.BMP,26333,1400,0x00,False
/SPACENUT/FLAT07.BMP,26334,1400,0x00,False
/SPACENUT/FLAT08.BMP,26335,1400,0x00,False
/SPACENUT/GOODSHL.BMP,26313,1304,0x00,False
/SPACENUT/GOODSHR.BMP,26315,1304,0x00,False
/SPACENUT/GOODSHT.BMP,26314,1304,0x00,False
/SPACENUT/HIGH.WAV,25914,36212,0x00,False
/SPACENUT/HITBAD.WAV,25903,10404,0x00,False
/SPACENUT/HITME.WAV,25909,8624,0x00,False
/SPACENUT/INVADERS.MID,25869,1804,0x00,False
/SPACENUT/LASER.WAV,25932,13798,0x00,False
/SPACENUT/LASERD.BMP,26317,1080,0x00,False
/SPACENUT/LASERUP.BMP,26316,1080,0x00,False
/SPACENUT/MOM1.BMP,26318,2360,0x00,False
/SPACENUT/PAN_JAM.MID,25864,9830,0x00,False
/SPACENUT/PYRAMID1.BMP,26311,1504,0x00,False
/SPACENUT/PYRAMID2.BMP,26310,1504,0x00,False
/SPACENUT/PYRAMID3.BMP,26309,1504,0x00,False
/SPACENUT/PYRAMID4.BMP,26312,1504,0x00,False
/SPACENUT/REDBOLT.BMP,26350,1080,0x00,False
/SPACENUT/SCORES.WAV,25871,65093,0x00,False
/SPACENUT/SHIP2A.BMP,26324,1400,0x00,False
/SPACENUT/SHIP2B.BMP,26326,1400,0x00,False
/SPACENUT/SHIP3A.BMP,26327,1320,0x00,False
/SPACENUT/SHIP3B.BMP,26328,1320,0x00,False
/SPACENUT/SHIP4.BMP,26347,1700,0x00,False
/SPACENUT/SHIP5A.BMP,26348,2040,0x00,False
/SPACENUT/SHIP5B.BMP,26349,2040,0x00,False
/SPACENUT/SHIP7A.BMP,26367,1420,0x00,False
/SPACENUT/SHIP7B.BMP,26368,1420,0x00,False
/SPACENUT/SHIP7C.BMP,26369,1420,0x00,False
/SPACENUT/SHIP7D.BMP,26370,1420,0x00,False
/SPACENUT/SN0030.BMP,26270,12636,0x00,False
/SPACENUT/SN_BGND.MID,25859,9830,0x00,False
/SPACENUT/SPACENUT.EXE,25836,45700,0x00,False
/SPACENUT/SYNTH.WAV,25987,579402,0x00,False
/SPACENUT/TITLE.WAV,25939,65093,0x00,False
/SPACENUT/VICTORY.MID,25870,342,0x00,False
/SURF11.WAV,11020,177028,0x00,False
/SURFOWL.FUV,11107,944934,0x00,False
/SYSTEM.INI,11799,534,0x00,False
/TITLES.FUV,6826,1323336,0x00,False
/VIS.WAV,6678,302289,0x00,False
/VISLOGO.FUV,3078,22912,0x00,False
/VISMENU.EXE,11800,166777,0x00,False
/VISMENU.TAT,31,116682,0x00,False
/WORM11.WAV,1684,137834,0x00,False
/WORMFINA.FUV,1752,723992,0x00,False
